Brand,Category,Sub-Category,Product Titles,SKU,Partner SKU
WishCare,Hair Personal Care,Hair Care,"Hair Growth Serum Concentrate - 3% Redensyl, 4% Anagain, 2% Baicapil, Caffeine, Biotin, Plant Keratin & Rice Water - Hair Growth Serum and Hair growth oil for Men & Women",ZE76429E45999B752B788Z-1,WHGS30
WishCare,Hair Personal Care,Lip Care,Tinted Ceramide Lip Balm with SPF50 PA+++ - Kojic Acid & Niacinamide - For Lip Lightening & Protection 5gm,Z7C540D2EC016330A32A6Z-1,P1CLB5
WishCare,Hair Personal Care,Hair Care,"Multi Peptide Anti Hairfall Shampoo Paraben & Sulphate Free Shampoo for Women & Men with Rice Water, Rosemary for Hairfall Control 250ml",Z510404DC1F6F97610CD9Z-1,RWS250
WishCare,Hair Personal Care,Skin Care,5% Niacinamide Oil Balance Fluid Sunscreen SPF 50 PA++++ - Lightweight Matte Sunscreen SPF 50 for Oily Skin & No White Cast 50g,Z4F117B9092B9502C3FE3Z-1,NOBFS50
WishCare,Hair Personal Care,Body Care,"Underarm Roll On Serum - 5% AHA, 3% Kojic Acid, HA, Licorice - Underarm Lightening & Odour Control - Long Lasting Aqua Fragrance-50ml",Z22F05AE61D48BEF7BDD3Z-1,UARM50
WishCare,Hair Personal Care,Body Care,SPF50 Sunscreen Body Lotion - Broad Spectrum - UVA & UVB Protection with No White Cast - With Carrot Seed & Raspberry - For Men & Women - 200 Ml,Z53472DF62FB0A6944008Z-1,SPFBL200
WishCare,Hair Personal Care,Body Care,"10% AHA + 1% BHA Body Lotion for Men & Women - Body lotion for dry skin - Detans, Smooths Rough & Bumpy Skin 200ml",Z682FC150370E0641196EZ-1,ABBL2001
WishCare,Hair Personal Care,Lip Care,"Ceramide Lip Balm with SPF 50 PA+++ | Natural Lip Lightening Balm with Ceramides, Kojic Acid, Niacinamide & Cocoa Butter | Protects & Lightens Pigmented Lips | Sun Protection Lip Care",Z0CB45E2408542CB73B47Z-1,CLB5
WishCare,Hair Personal Care,Hair Care,"Hydrating AHA BHA Anti Dandruff Shampoo For Women & Men- Piroctone Olamine, Salicylic Acid, LHA, Climbazole, Pre+Probiotics & Hyaluronic Acid - Paraben & Sulphate Free Shampoo 250ml",ZC887FFE285E001E3C488Z-1,ABADS250
WishCare,Hair Personal Care,Skin Care,"100% Pure & Natural Rose Water - For Skin, Face & Hair - Steam Distilled - Kannauj Gulab Jal - Spray Skin Toner - Free From Paraben, Alcohol & Chemicals - 200 ml",Z96591AEF86519EC50244Z-1,WRW200
WishCare,Hair Personal Care,Skin Care,"2% Salicylic Acid Face Wash with AHA, GreenTea, Chamomile & TeaTree - For Oil & Acne Control",ZCD8404BB0221CFC89DA6Z-1,SAFW100
Lenovo,Electronics,Laptops,"Renewed - ThinkPad T450s Laptop With 14-Inch Display,Intel Core i5 Processor/5th Gen/8GB RAM/256GB SSD/5500MB Intel HD Graphics/Windows 10 Pro Black",N53361285A,PSKU_74949_61369526723124659425_X
Lenovo,Electronics,Laptops,"Renewed - Chromebook N23 Laptop With 11.6-Inch Display,Intel Celeron Processor/3rd Gen/4GB RAM/16GB eMMC/Integrated Graphics Black",N50609444A,PSKU_47461_88263313090360942221_X
Acer,Electronics,Laptops,"Renewed - Chromebook C731 With 11.6-Inch Display,Intel Celeron N3060 1.6Ghz Dual core Processor/4GB RAM/16GB eMMC/Chrome OS/Intel HD Graphics 400 English Black",N70092406V-1,PSKU_47461_16197784465733515551_X
DELL,Electronics,Laptops,"Renewed - Latitude 5400 Business Laptop With 14-Inch Full HD Display,Core i7-8665U Processor/16GB RAM/512GB SSD/Intel UHD Graphics/Windows 10 Pro English Black",N53383245A,PSKU_74949_89703382123609113179_X
ASUS,Electronics,Laptops,"Renewed - Chromebook C202S Laptop With 11.6-Inch Display,Celeron Processor/4GB RAM/16GB/Integrated Intel HD Graphics/Chrome OS English Dark Blue/White English Dark Blue/White",N53408657A,PSKU_47461_50695062168429941662_X
WishCare,Hair Personal Care,Hair Care,Triple Bond Repair Shampoo for Dry & Frizzy Hair - 5% AminoPeptide Complex & PCA - Repairs Damaged & Frizzy Hair 250ml,Z52F99A3F7D158097F44FZ-1,BRSH250
WishCare,Hair Personal Care,Skin Care,"Invisible Gel Sunscreen SPF 50+ PA++++ - Ultra Light Weight, Oil Free with Broad Spectrum Protection & No White Cast - 50 Grams",ZFBB669A30E7A93A48474Z-1,WIGS50
DELL,Electronics,Laptops,"Renewed - Latitude E7240 Laptop With 12.5-Inch Display,Intel Core i5 Processor/4th Gen/8GB RAM/256GB SSD/Intel HD Graphics 4400 English Silver",N49272772A,PSKU_74949_41285012921899541677_X
DELL,Electronics,Laptops,"Renewed - Latitude 7240 Laptop With 12.5-Inch HD Display,Core i5/Dual Core/4th Gen/8GB RAM/128GB SSD/Windows 10/Intel HD Graphics English Black English Black",N70065083V-1,PSKU_74949_21476089281383683852_X
Lenovo,Electronics,Laptops,"Refurbished - Thinkpad T450 Laptop With 14-Inch Display,Intel Core i5 Processor/5th Gen/8GB RAM/256GB SSD/Windows 10 English Black",N49265932A,PSKU_74949_40773257558078828511_X
DELL,Electronics,Laptops,"Renewed - Latitude E7270 Laptop With 12-Inch Display,Intel Core i5 Processor/6th Gen/8GB RAM SSD/256GB SSD/Intel Graphics Black",N53361275A,PSKU_74949_68908400522364666838_X
Lenovo,Electronics,Laptops,"Renewed - Chromebook 300e With 11.6-Inch Touch & 360 Rotate Display,Intel Celeron Processor/Dual Core/4GB RAM/32GB SSD/Intel HD Graphics 400 English Black",N70065080V-1,PSKU_74949_47401058656725884557_X
HP,Electronics,Laptops,"Renewed - Chromebook Q151 G4 Laptop With 11.6-Inch Display, Intel Celeron N2840/2nd Gen/4GB RAM/16GB SSD/Intel HD Graphics English Black",N48668688A,PSKU_74949_12505804257786143358_X
HP,Electronics,Laptops,"Renewed - Chromebook G5 EE Laptop With 11.6-Inch Display, Intel Celeron-5th Gen/4GB RAM/16GB SSD/Chrome OS English Black",N53359169A,PSKU_74949_03452059595826530311_X
DELL,Electronics,Laptops,"Renewed - Chromebook 3100 With 11.6 Inch Display,Celeron N4020/4 GB RAM/16 GB SSD/Chrome OS/Intel HD Graphics English Black",N53368947A,PSKU_74949_59623046023519747063_X
Apple,Electronics,Laptops,"Renewed - Macbook Pro A1278 (2012) Laptop With 13.3-Inch Display, Core i5 Processor/10-Core/6GB RAM/500GB HDD/macOS English Silver",N70003478V-1,PSKU_47461_16902210416648866374_X
Lenovo,Electronics,Laptops,"Renewed - T440 ThinkPad Laptop With 14.1 Inch Display,Intel Core i5-4th Gen/8GB DDR3L RAM/256GB SSD,Windows 10 Pro English Black",N53400760A,PSKU_47461_68813176090250824939_X
Lenovo,Electronics,Laptops,"Renewed - ThinkPad T470 Laptop With 14-Inch Display,Intel Core i5 Processor/6th Gen/16GB RAM/256GB SSD/Intel HD Graphics English Black",N49798238A,PSKU_74949_54950870982634199749_X
Lenovo,Electronics,Laptops,"Renewed - Thinkpad T440 Laptop With 14-Inch Display,Intel Core i5 Processor/4th GEN/8GB RAM/256GB SSD/Windows 10 black",N46137174A,PSKU_74949_40590271694478391611_X
Apple,Electronics,Mobile,Renewed - iPhone 11 128GB White 4G - International Version,N42631121A,PSKU_47461_55976359850643710696_X
Lenovo,Electronics,Laptops,"Renewed - Thinkpad X1 Yoga 2 IN 1 Laptop With 14-Inch Touch Screen Display ,Intel Core i5 Processor/8th Gen/16GB RAM/512GB SSD/Intel UHD Graphics 620/Windows 10 Pro English Black",N70071722V-1,PSKU_47461_08195251101708617559_X
Acer,Electronics,Laptops,"Renewed - Convertible 2-in-1 Chromebook R751T With 11.6-Inch HD Touchscreen Display,Intel N3350 1.6Ghz up to 2.48GHz Processor/4GB RAM/32GB eMMC/Chrome OS English Black",N70092405V-1,PSKU_74949_41624561975773013192_X
HP,Electronics,Laptops,"Renewed - Elitebook 840 G3 L3C65AV Laptop With 14-Inch Display,Intel Core i5 Processor/6th Gen/8GB RAM/256GB SSD/Intel HD Graphics 520 English Silver",N50366890A,PSKU_74949_05416197957284437585_X
HP,Electronics,Laptops,"Renewed - EliteBook 840 G6 Laptop With 14 Inch FHD Display,Intel Core i7 16GB DDR4 RAM/8th Generation/512GB SSD/Windows 10 Pro Silver",N53392154A,PSKU_74949_24286028587830611469_X
Lenovo,Electronics,Laptops,"Renewed - ThinkPad T470 Laptop With 14-Inch Display,Intel Corei5 Processor/6th Gen/8GB RAM/256GB SSD/Intel HD Graphics Black",N49798236A,PSKU_74949_80700981535403293758_X
Lenovo,Electronics,Laptops,"Renewed - ThinkPad T460 With 14-Inch FHD Display,Core i5 Processor/6th Generation/8GB Ram/256GB SSD/Intel HD Graphics English Black",N53401633A,PSKU_74949_40289894536799639577_X
Acer,Electronics,Laptops,"Renewed - Chromebook R11 Convertible 2-In-1 Laptop With 11.6-Inch Touchscreen Display With Google Play Store,Intel Celeron Processor/6th Gen/4GB RAM/16GB SSD/Integrated Graphics English Black",N70003483V-1,PSKU_47461_09059347036107870868_X
HP,Electronics,Laptops,"Renewed - EliteBook 840 G6 Laptop With 14 Inch FHD Display,Intel Core i7 16GB DDR4 RAM/8th Generation/512GB SSD/Windows 10 Pro Silver",N53392168A,PSKU_74949_69273435757346831381_X
Lenovo,Electronics,Laptops,"Renewed - Chromebook N22 Laptop With 11.6-Inch Display,Celeron Processor/4GB RAM/16GB eMMC/5th Gen/Chrome OS/Integrated Graphics English Black",N51319770A,PSKU_47461_52716629156816507741_X
Lenovo,Electronics,Laptops,"Renewed - ThinkPad X390 Laptop With 13.3-Inch Display,Intel Core i5 8th Gen/8GB RAM/512GB SSD/Windows 10 Pro English Black",N53430508A,PSKU_74949_34679630879874518034_X
Lenovo,Electronics,Laptops,"Renewed - ThinkPad T490s Laptop With 14-Inch Display,Intel(R)-Core(TM)-i7/Quad Core/8th Gen/16GB RAM/512GB SSD/Windows 10 Pro English Black",N70085601V-1,PSKU_74949_42596491300145837899_X
Apple,Electronics,Laptops,"Renewed - MacBook Pro A1398 (2012) Laptop With 15-Inch Display, Intel Core i7 Processor/Quad Core/8GB RAM/256GB SSD/Windows 10 English Black",N70052716V-1,PSKU_47461_56330900208401036396_X
Apple,Electronics,Laptops,"Renewed - MacBook Pro A1278 (2012) Laptop With 13.3-Inch HD Display, Core i5 Processor/Quad Core/8GB RAM/256GB SSD/macOS English Silver",N70072013V-1,PSKU_47461_33036366949482192705_X
Lenovo,Electronics,Laptops,"Renewed - Chromebook 100e Laptop With 11.6-Inch Display,MediaTek MTK 8173C Processor/4GB RAM/32GB eMMC/8th Gen/Chrome OS/Integrated Graphics Black",N51319771A,PSKU_74949_35059336290083534502_X
Lenovo,Electronics,Laptops,"Renewed - Thinkpad 11e Yoga Laptop With 11.6-Inch HD Touch Screen Display,Celeron/5th Gen/8GB DDR3 RAM/256GB SSD/Windows 10 Pro English Black",N70043970V-1,PSKU_74949_78561202745005919916_X
DELL,Electronics,Laptops,"Renewed - Latitude 7280 Laptop With 12.5-Inch Display,Intel Core i5 Processor/6th Gen/8GB RAM/256GB SSD/Intel HD Graphics English Black",N53334103A,PSKU_74949_79548429802484874328_X
Lenovo,Electronics,Laptops,"Renewed - Thinkpad T470s Laptop With 14-Inch Display,Intel Core i5 Processor/6th Gen/8GB RAM/256GB SSD/Intel HD Graphics 620 English Black",N70013209V-1,PSKU_74949_93037737181971319490_X
Apple,Electronics,Mobile,Renewed - iPhone 13 Pro Max 256GB Gold 5G With Facetime - International Version,N53352450A,PSKU_47461_03869315032028639796_X
HP,Electronics,Laptops,"Renewed - ProBook 640 G2 Laptop With 14-Inch Display, Intel Core i5/6th Gen/8GB RAM/256GB SSD/Intel UHD Graphics 620/Windows 10 Pro Black/silver",N53361414A,PSKU_74949_85908670054723841369_X
Apple,Electronics,Mobile,Renewed - iPhone 11 128GB Purple 4G - International Version,N42631052A,11 128gb purple
HP,Electronics,Laptops,"Renewed - Chromebook 11 G8 Laptop With 11.6-Inch HD Display, Celeron N4020/4GB RAM/32GB SSD/Chrome OS English Black",N70113083V-1,PSKU_47461_41134656341945721054_X
Lenovo,Electronics,Laptops,"Renewed - Chromebook 100e Laptop With 11.6-Inch Display,MediaTek MTK 8173C Processor/4GB RAM/32GB EMMC Black",N43135957A,PSKU_47461_28781450176192700408_X
Microsoft,Electronics,Laptops,"Renewed - Surface Pro 7 1866 2in1 Laptop With 12.3 inch Display,Intel Core i5/10th Gen/8GB RAM/256GB SSD,Intel Iris Graphics/Windows 10 Pro English Silver",N53384244A,PSKU_74949_29812149936993009338_X
DELL,Electronics,Laptops,"Refurbished - Lattidue E7470 Laptop With 14-Inch Display,Intel Core i7 Processor/6th Gen/8GB RAM/256GB SSD/Intel HD Graphics 520 English Black",N52005479A,PSKU_74949_98280381527028987957_X
Apple,Electronics,Mobile,Renewed - iPhone 13 Pro Max 256GB Graphite 5G With Facetime - International Version,N53352299A,13 Pro Max 256GB Graphite
Apple,Electronics,Laptops,"Renewed - MacBook Air A1465 (2015) Laptop With 11.6-Inch HD Display, Core i5 Processor/Dual Core/8GB RAM/128GB SSD/macOS English Silver",N70053840V-1,PSKU_47461_45550907084292032423_X
DELL,Electronics,Laptops,"Renewed - Latitude E7280 Laptop With 12.5-Inch Display,Intel Core i5 Processor/6th Gen/8GB RAM/256GB SSD/Windows 10 English Black",N70002135V-1,PSKU_74949_77575842383613442139_X
Lenovo,Electronics,Laptops,"Renewed - Thinkpad T490 20NYS5SF00 Laptop With 14-Inch Display,Intel Core i5 Processor/8th GEN/16GB RAM/256GB SSD/256MB Intel UHD Integrated Graphics Black",N46137178A,PSKU_74949_21097811099179183249_X
Lenovo,Electronics,Laptops,"Renewed - Thinkpad T470s Laptop With 14 Inch Display,Intel Core i7-6600U/8GB RAM/512GB SSD/Windows 10 English Graphite",N53404194A,PSKU_74949_63003821323339558319_X
Apple,Electronics,Laptops,"Renewed - Macbook Pro A1502 (2015) Laptop With 13.3-Inch Display,Intel Core i5 Processor/5th Gen/8GB RAM/256GB SSD/1.5GB Intel Iris Graphics Silver",N50478895A,PSKU_47461_66370700622642570379_X
Apple,Electronics,Laptops,"Renewed - MacBook Pro A1278 (2011) Laptop With 13.3-Inch Display, Core i5 Processor/8GB RAM/500GB SSD/macOS English Silver",N51630353A,PSKU_47461_28965941819612183336_X
Apple,Electronics,Mobile,Renewed - iPhone 14 Pro Max 256GB Deep Purple 5G With Facetime - International Version,N53431280A,PSKU_47461_25972942111960250628_X
Apple,Electronics,Mobile,Renewed - iPhone XR 128GB White 4G With Facetime - Middle East Version,N37936254A,XR With FaceTime
DELL,Electronics,Laptops,"Refurbished - Chromebook 3120 Laptop With 11.6-Inch Display,Intel CeleronProcessor/2nd Gen/2GB RAM/16GB SSD/256MB Intel HD Graphics English Black",N51438097A,PSKU_74949_65008205419626731661_X
HP,Electronics,Laptops,"Renewed - Chromebook 11 G6 EE Laptop With 11.6-Inch Display, Intel Celeron 1.10 GHz/2GB RAM/16GB Chrome OS English Black",N70019622V-1,PSKU_74949_99139525205557559017_X
Lenovo,Electronics,Laptops,"Renewed - Chromebook 2-in-1 Laptop With 11.6-Inch HD Touch Display,Intel Celeron N3450/4GB RAM/32GB eMMC Drive/Chrome OS English Black",N70123449V-1,PSKU_74949_24197555177014325726_X
CAT,Eyewear,Sunglasess,Precision 8513 Men Polarized Square Sunglasses Grey 55 mm,Z88051056F468BD7CBBDBZ-1,CPS-8513-108P
Apple,Electronics,Laptops,"Renewed - MacBook Air A1465 (2015) Laptop With 11.6-Inch Display, Core i5 Processor/4GB RAM/120GB SSD/macOS English Silver",N51630013A,PSKU_74949_74886224095106218470_X
Apple,Electronics,Mobile,Renewed - iPhone 13 Pro Max 256GB Sierra Blue 5G With Facetime - International Version,N53352315A,PSKU_47461_62467345917708484693_X
Apple,Electronics,Laptops,"Renewed - MacBook Pro A1398 (2015) Laptop With 15.4-Inch Display, Core i7 Processor/Dual Core/16GB RAM/500GB SSD/macOS English Silver",N70072320V-1,PSKU_74949_24297908477869247438_X
DELL,Electronics,Laptops,"Renewed - Lattitude 5289 Multi Touch Screen 2 in 1 Laptop With 12.6-Inch Full HD Display,Intel Core i7 Processor/7th Gen/16 GB RAM/256 GB SSD/Windows 10 Pro English/Arabic Silver",N53409277A,PSKU_47461_84471998577892319993_X
Lenovo,Electronics,Laptops,"Renewed - Thinkpad 260 YOGA Touchscreen Laptop With 12.5-Inch Display,Intel Core i5 Processor, 6th GEN/8GB RAM/256GB SSD/520 integrated Hd Graphics black",N43444010A,PSKU_47461_47240218660884149477_X
Lenovo,Electronics,Laptops,"Refurbished - Thinkpad T450 Notebook Laptop With 14-Inch Display,Intel Core i5 Processor/5th Gen/16GB RAM/256GB SSD/Intel HD Graphics 5550 English Black",N51438096A,PSKU_74949_94383150684914323290_X
Apple,Electronics,Mobile,Renewed - iPhone 12 128GB White 5G With Facetime - International Version,N43249425A,PSKU_47461_74457346590418373430_X
Apple,Electronics,Laptops,"Renewed - MacBook Pro A1502 (2015) Laptop With 13-Inch Full HD Display, Core i5 Processor/Dual Core/8GB RAM/256GB SSD/macOS English/Arabic Silver",N53409280A,PSKU_47461_93588978410278572234_X
Apple,Electronics,Laptops,"Renewed - MacBook Pro A1398 (2012) Laptop With 15-Inch Display, Intel Core i7 Processor/Quad Core/16GB RAM/512GB SSD/Windows 10 English Silver",N70052785V-1,PSKU_47461_48344239456201709908_X
DELL,Electronics,Laptops,"Renewed - Latitude 7390 2-in-1 Laptop With 13.3-Inch Touchscreen Display,Intel Core i5 Processor/8th Gen/8GB RAM/256GB SSD/Intel UHD Graphics 620/Windows 10 Pro English Black",N70071721V-1,PSKU_74949_44365353163155902089_X
HP,Electronics,Laptops,"Refurbished - Elitebook 9480M Laptop With 14-Inch Display,Intel Core i5 Processor/4th Gen/8GB RAM/256GB SSD/Ã¢â‚¬Å½Intel HD Graphics 4000 English Silver",N52005510A,PSKU_47461_93397994407058760736_X
CAT,Eyewear,Sunglasess,Precision 8501 men Polarized Square Sunglasses Blue 58mm,Z079CDB482351A72FCFBBZ-1,CPS-8501-119P
Apple,Electronics,Laptops,"Renewed - MacBook Pro A1278 (2012) Laptop With 13.3-Inch Display, Core i5 Processor/10-Core/6GB RAM/500GB HDD/macOS English Silver",N70104160V-1,PSKU_47461_37177824138929598894_X
DELL,Electronics,Laptops,"Renewed - Latitude 7280 Laptop With 12.5-Inch Display,Intel Core i7 Processor/7th Gen/16GB RAM/256GB SSD/Intel HD Graphics 620/Windows 10 Pro English Black",N70071725V-1,PSKU_74949_71184024608604529212_X
HP,Electronics,Laptops,"Renewed - EliteBook 840 G5 Laptop With 14 Inch HD Display,7th Generation Core i5 7200U Processor/16GB DDR4 RAM/512GB SSD/Windows 10 Pro English Silver",N53394889A,PSKU_74949_28724272358496867267_X
HP,Electronics,Laptops,"Renewed - EliteBook 850 G2 Laptop With 15.6-inch FHD Display,Core i7 Processor/5th Gen/8GB RAM/256GB SSD/Intel HD Graphics English Black",N53420531A,PSKU_47461_21424677957029252730_X
HP,Electronics,Laptops,"Renewed - Elitebook 840 G8 Laptop With 14-Inch FHD Display,Intel Core i5/11th Gen Processor/16GBRAM/DDR4/512 GB SSD/Windows 10 Pro English Silver",N70013769V-1,PSKU_47461_38635772021490400252_X
Lenovo,Electronics,Laptops,"Renewed - Thinkpad T480s Laptop With 14-Inch Display,Intel Core i7 Processor/8th Gen/16GB RAM/256GB SSD/Intel HD Graphics English Black",N50609653A,PSKU_47461_47158737180820667627_X
Lenovo,Electronics,Laptops,"Renewed - Thinkpad T450 Laptop With 14-Inch Display,Intel Core i5 Processor/5th Gen/8GB RAM/256GB SSD/Intel HD Graphics English Black",N53334658A,PSKU_47461_44727304242536112743_X
Lenovo,Electronics,Laptops,"Renewed - Yoga 11e Touch Chrome Book With 11.6-Inch Display,Intel Celeron Processor/3rd Gen/4GB RAM/16GB SSD/Integrated Graphics Black",N53378677A,PSKU_74949_84685249645132024033_X
CAT,Eyewear,Sunglasess,Men CTS-Sensor Wrap Polarized Sunglasses Black 62mm,Z48A93956852540D003E2Z-1,CTS-SENSOR-108P
Apple,Electronics,Mobile,Renewed - iPhone XS 256GB Gold 4G With Facetime - International Version,N37846321A,PSKU_47461_76242708517940297011_X
Apple,Electronics,Mobile,Renewed - iPhone XS Max 256GB Gold 4G With Facetime - International Version,N37936510A,XS Max With
DELL,Electronics,Laptops,"Renewed - Latitude 5480 (2017) Laptop With 14-Inch Display,Intel Core i5 Processor/7th Gen/8GB RAM/256GB SSD/Intel HD Graphics 620 English/Arabic Black",N50281388A,PSKU_47461_26484701102057227142_X
HP,Electronics,Laptops,"Renewed - Chromebook G4 Laptop With 14-Inch Display, Intel Celeron 2nd Gen/4GB RAM/16GB SSD/256MB Intel HD Graphics English Black",N52015776A,PSKU_47461_89551735008208210490_X
HP,Electronics,Laptops,"Renewed - Folio 9470m Laptop With 14-inch HD Display,Core i7 Processor/3rd Gen/8GB RAM/128GB SSD/Intel HD Graphics English Black",N53420527A,PSKU_47461_00344098826523585562_X
CAT,Eyewear,Sunglasess,Precision 8510 Men Polarized Square Sunglasses Black 57mm,Z019F2BDEF2C95E1FD24CZ-1,CPS-8510-108P
Apple,Electronics,Mobile,Renewed - iPhone X 256GB Silver 4G With Facetime,N37984676A,PSKU_47461_32813582891731688690_X
Apple,Electronics,Laptops,"Renewed - MacBook Pro A1465 (2014) Laptop With 11.6-Inch Display, Core i5 Processor/Dual Core/4GB RAM/120GB SSD/macOS Silver",N53409327A,PSKU_74949_45567208800533926474_X
Apple,Electronics,Laptops,"Renewed - MacBook Pro A1278 (2012) Laptop With 13-Inch Display, Intel Core i7 Processor/Quad Core/16GB RAM/512GB SSD/Windows 10 English Black",N70052841V-1,PSKU_47461_00380044126735754987_X
DELL,Electronics,Laptops,"Refurbished - Lattidue E7270 Laptop With 12.5-Inch Display,Intel Core i5 Processor/6th Gen/8GB RAM/256GB SSD/64MBIntel HD Graphics 520 English Black",N52005495A,PSKU_74949_92336445642916921620_X
Apple,Electronics,Laptops,"Renewed - Macbook Pro A1278 (2012) Laptop With 13.3-Inch Display,Intel Core i5 Processor/4th Gen/6GB RAM/500GB HDD/MacOS English Silver",N51630008A,PSKU_74949_88352871599185629797_X
Apple,Electronics,Laptops,"Renewed - Macbook Air A1466 (2017) Laptop With 13.3-Inch Display, Intel Core i5 Processor/7th Gen/8GB RAM/120GB SSD/MacOS With English Keyboard English Silver",N70029579V-1,N51630012AMax
Microsoft,Electronics,Laptops,"Renewed - Microsoft Surface Pro 6 2 in 1 Laptop With 12.3-Inch Touch Screen Display,Intel Core i5/8th Gen/8 GB RAM/256 GB SSD/Windows 10 Pro English Silver",N70093390V-1,PSKU_74949_15926062262346877422_X
CAT,Eyewear,Sunglasess,Precision 8513 Men Polarized Square Sunglasses Black 55 mm,ZD10DE2ECE1C9A919FDC9Z-1,CPS-8513-104P
Apple,Electronics,Laptops,"Renewed - MacBook Pro A2141 (2019) Laptop With 16-Inch Display, Core i9 Processor/Quad Core/32GB RAM/512GB SSD/macOS English Space Grey",N70065445V-1,PSKU_47461_23212726754819725885_X
HP,Electronics,Laptops,"Refurbished - Elitebook 840 G6 Laptop With 14-Inch Display,Intel Core i5 Processor/8th Gen/8GB RAM/256GB SSD/Intel UHD Graphics 620 English Silver",N52005499A,PSKU_74949_28593495097198394304_X
Lenovo,Electronics,Laptops,"Renewed - Thinkpad T480s Laptop With 14-Inch Display,Intel Core i7 Processor/8th Gen/16GB RAM/512GB SSD/Intel HD Graphics English Black",N53428045A,PSKU_47461_86305462336256796862_X
DELL,Electronics,Laptops,"Renewed - Chromebook 3180 With 11.6-Inch Display,Intel Celeron N3060 Processor/6th Gen/2GB RAM/16GB SSD/Intel HD Graphics 400 English Black",N53372819A,PSKU_74949_84928998255483649420_X
CAT,Eyewear,Sunglasess,Men CTS-8024 Polarized Navigator Sunglasses Black 59 mm,Z139B99CCBA9D1969805AZ-1,CTS-8024-004P
CAT,Eyewear,Sunglasess,Men’s rectangular polarized gray sunglasses,Z5DC38A71E3609A50ECC6Z-1,CPS-8514-108P
CAT,Eyewear,Sunglasess,men Precision 8505 Aviator Sunglasses Blue 58mm,Z9A4D9B7D0DB105D38E1DZ-1,CPS-8505-106P
CAT,Eyewear,Sunglasess,Men CTS-8018 Polarized Wrap Sunglasses Black 61mm,ZC1EAF8F46D1577F792A3Z-1,CTS-8018-104P
Apple,Electronics,Laptops,"Renewed - MacBook Pro A1398 (2014) Laptop With 15.4-Inch Full HD Display, Core i7 Processor/Dual Core/16GB RAM/256GB SSD/macOS Silver",N50479595A,PSKU_74949_36531322591429242659_X
DELL,Electronics,Laptops,"Renewed - Latitude E5470 Laptop With 14.1-Inch Display,Intel Core i5/6th Gen/8GB RAM/256GB SSD/530MB Intel UHD Graphics/Windows 10 Pro Black",N53361221A,PSKU_74949_15984753503496032576_X
HP,Electronics,Laptops,"Renewed - EliteBook 840 G6 Business Laptop With 14-Inch Display,Intel Core i7/8th Gen/16GB DDR4 RAM/512GB SSD/Windows 10 Pro English Silver",N53379727A,PSKU_74949_62783538414454495470_X
Lenovo,Electronics,Laptops,"Renewed - ThinkPad T450s Laptop With 14-Inch Display,Intel Core i5 Processor/5th Gen/8GB RAM/512GB SSD/Intel UHD Graphics/Windows 10 Pro English Black",N53361287A,PSKU_74949_56242418571209680577_X
Lenovo,Electronics,Laptops,"Renewed - ThinkPad 13 Laptop With 13.3-Inch HD Display,Intel Core i5-6th Gen Processor/8GB DDR4 RAM/256GB SSD/Windows 10 Pro English Black",N53421341A,PSKU_47461_65074181703011998505_X
CAT,Eyewear,Sunglasess,Men CTS-8025 Polarized Pilot Sunglasses Brown 59 mm,Z1B0C0D81627F60FC7FAEZ-1,CTS-8025-005P
CAT,Eyewear,Sunglasess,Men CTS-8019 Polarized High Wrap Rectangular Sunglasses Grey 63 mm,Z286401102C6EAD5E8648Z-1,CTS-8019-108P
Superdry,Eyewear,Sunglasess,SHOCKWAVE Full-Rim Rectangular UV Protection Sunglasses - Blue,ZFF45363846108EA67464Z-1,SDS-SHOCKWAVE-153
Apple,Electronics,Laptops,"Renewed - MacBook Pro A1990 (2019) Laptop With 15.4-Inch Full HD Display, Core i9 Processor/Quad Core/32GB RAM/512GB SSD/macOS English Space Grey",N70057459V-1,PSKU_74949_60958247792497942075_X
Apple,Electronics,Laptops,"Renewed - MacBook Air (2020) Laptop With 13-Inch Full HD Display, Apple M1 Processor/Octa Core/8GB RAM/256GB SSD/macOS English Space Grey",N70062738V-1,PSKU_47461_83091783133968610890_X
Apple,Electronics,Laptops,"Renewed - MacBook Pro (2021) Laptop With 14-Inch Display, Apple M1 Pro Processor/Octa Core/16GB RAM/512GB SSD/macOS English/Arabic Silver",N70122020V-1,PSKU_47461_85442962641270941238_X
DELL,Electronics,Laptops,"Renewed - Latitude 5285 Detachable Laptop With 12.3-Inch Touchscreen Display, Intel Core i5 Processor/7th Gen/8GB RAM/256GB SSD/Intel HD Graphics 620 English/Arabic Black",N50281389A,PSKU_47461_22632203352250557001_X
DELL,Electronics,Laptops,"Renewed - Latitude 7440 Laptop With 14-Inch Display,Intel Core i7 Processor/4th Gen/8GB RAM/256GB SSD/Intel HD Graphics 4400 English Black",N53286212A,PSKU_47461_53129864088133705799_X
DELL,Electronics,Laptops,"Renewed - Latitude E7470 Laptop With 14-Inch HD Display,Core i7 Processor/6th Gen/8GB RAM/256GB SSD/Intel HD Graphics English Black",N53386814A,PSKU_74949_96624906888162719421_X
DELL,Electronics,Laptops,"Renewed - Latitude 7420 Laptop With 14-Inch Display, IntelCore i7/Quad Core/16GB RAM/512GB SSD/Windows 10 Pro English/Arabic Black",N70100681V-1,PSKU_47461_65293735973362454058_X
HP,Electronics,Laptops,"Renewed - Elitebook 840 G5 (2019) Laptop With 14-Inch Display,Intel Core i7 Processor/8th Gen/16GB RAM/512GB SSD/Intel UHD Graphics 620 Silver",N47539866A,PSKU_74949_14294969836124776833_X
HP,Electronics,Laptops,"Renewed - ProBook 650 G1 Laptop With 14-Inch HD Display, Core i5-4210M/8GB RAM/128GB SSD/Intel HD Graphics English Black",N53375436A,PSKU_47461_38514164665252302315_X
HP,Electronics,Laptops,"Renewed - EliteBook 840 G3 Laptop With 14-Inch HD Display, Intel Core i5 Processor/6th Gen/8GB RAM/256GB SSD/Intel HD Graphics English Black",N53386811A,PSKU_74949_35646953693824631157_X
Lenovo,Electronics,Laptops,"Renewed - Thinkpad T440 Laptop With 14-Inch Display,Intel Core i5 Processor/4th Gen/8GB RAM/256GB SSD/Windows English black",N70003473V-1,PSKU_74949_05892758832026359455_X
Lenovo,Electronics,Laptops,"Renewed - ThinkPad T495 Pro Laptop With 14 inch Display,AMD Ryzen 5/2GB Graphic Memory/16GB RAM/256GB SSD/Windows 10 Pro English Black",N70013759V-1,PSKU_47461_08292960367538253866_X
Lenovo,Electronics,Laptops,"Renewed - Thinkpad T14 Laptop With 14-Inch FHD Display,Intel Core i5-10th Gen Processor/16 GBRAM/DDR4/512 GB SSD Hard/Windows 10 Pro English Black",N70013785V-1,PSKU_74949_23075224325844132466_X
Apple,Electronics,Laptops,"Renewed - Macbook Pro A1278 (2012) Laptop With 13.3-Inch Display,Intel Core i7 Processor/4th Gen/8GB RAM/500GB HDD/UHD Graphics English Silver",N70016130V-1,N44523172APlus
CAT,Eyewear,Sunglasess,Precision men Polarized Reactangle Sunglasses Black 58 mm,Z1FDF419D742B27111CEDZ-1,CPS-8509-104P
CAT,Eyewear,Sunglasess,Precision 8514 Men Polarized Rectangular Sunglasses Black 56 mm,ZDE04BB6EDB95AB19E35FZ-1,CPS-8514-104P
CAT,Eyewear,Sunglasess,Men CTS-Blinding Polarized Sequare Sunglasses Black 54 mm,ZE98C8903DB50DCC3A5B4Z-1,CTS-BLINDING-104P
SOTSU,Electronic Accessories,Portable Monitor,"FlipAction Premium 16"" Portable Monitor | Super Compact | Swivel Rotation | 2560 x 1600 DCI P3 | All-Metal CNC | USB-C or HDMI | Compatible with Mac and Windows",ZC4D02A1C9F4EA4C32D77Z-1,FlipActionGo16UniverseBlack
Apple,Electronics,Laptops,"Renewed - MacBook Air A2337 (2020) Laptop With 13.3-Inch Display, Apple M1 Processor/8GB RAM/256GB SSD/macOS English Space Grey",N51630082A,PSKU_47461_34670564001558808952_X
Apple,Electronics,Mobile,Renewed - iPhone XS Max 256GB Gold 4G With Facetime - International Version,N53422605A,PSKU_47461_97077540162399145830_X
DELL,Electronics,Laptops,"Renewed - Latitude 7250 Laptop With 12.5-Inch Display, Intel Core i7 Processor/5th Gen/8GB RAM/256GB SSD/Intel HD Graphics English Black",N53334140A,PSKU_47461_17086533460217873051_X
DELL,Electronics,Laptops,"Renewed - Chromebook 3100 With 11.6 Inch Display,Celeron N4000/4GB RAM/32GB EMMC/Chrome OS/Intel HD Graphics English Black",N70133436V-1,PSKU_47461_03092244506744963065_X
HP,Electronics,Laptops,"Renewed - Elitebook 840 G7 Laptop With 14-Inch FHD Display,Intel Core i7/10th Gen Processor/32GB DDR4 RAM/1TB SSD/Windows 10 Pro English Silver",N70047397V-1,PSKU_47461_43172443008929798898_X
Lenovo,Electronics,Laptops,"Renewed - Thinkpad X1 Yoga 2-In-1 Laptop With 14-Inch Touch Screen Display,Intel Core i7 Processor 8th Gen/16GB RAM/512GB SSD/Intel UHD Graphics 620/Windows 10 Pro English Gray",N70071727V-1,PSKU_47461_42957457262364095456_X
Lenovo,Electronics,Laptops,"Renewed - Thinkpad T440 Laptop With 14-Inch Display,Intel Core i5 Processor/4th Gen/8GB RAM/256GB SSD/Windows Arabic Black",N70077137V-1,PSKU_47461_98393252613588538850_X
Lenovo,Electronics,Laptops,"Renewed - ThinkPad T490s Laptop With 14-Inch Display,Intel(R)-Core(TM)-i7/Quad Core/8th Gen/16GB RAM/512GB SSD/Windows 10 Pro English Black",N70085603V-1,PSKU_74949_82638929755385619989_X
CAT,Eyewear,Sunglasess,men Precision 8506 Polarized Reactangle Sunglasses Black 58 mm,Z30136CE5AF51286BC5B9Z-1,CPS-8506-104P
CAT,Eyewear,Sunglasess,Precision 8517 Men Polarized Rectangular Sunglasses Blue 57 mm,Z3E2F625AC3672573D48CZ-1,CPS-8517-106P
CAT,Eyewear,Sunglasess,Men CTS-8024 Polarized Navigator Sunglasses Black 59 mm,Z73AB31FA87E9ED6AEB9EZ-1,CTS-8024-005P
CAT,Eyewear,Sunglasess,Men CTS-8019 Polarized High Wrap Rectangular Sunglasses Black 63 mm,ZC470EE7DA8AD0A9A6D98Z-1,CTS-8019-104P
CAT,Eyewear,Sunglasess,Men CTS-8020 Polarized Sport Wrap Front Sunglasses Clear 66 mm,ZE9A0DF1160F6B15C3791Z-1,CTS-8020-113P
Superdry,Eyewear,Sunglasess,5031 Full-Rim Square UV Protection Sunglasses - Black,ZEA1FBB9AA974CEF8156AZ-1,SDS-5031-104
My Carry Potty,Baby Product,Potties,My Carry Potty Cat,ZBC24CCF629F29CB56B01Z-1,MCP-CA
NOMAD,Electronic Accessories,Mobile Case & Cover,iPhone 15 Pro Magnetic Leather Back Cover Rustic Brown,ZEAD0FDEA69D5687B89C2Z-1,8.57E+11
The White Willow,Bedding,Pillows & Cushions,"Memory Foam Pillow for Neck & Shoulder Pain Relief-Cool Gel-Cervical Pillow for Sleeping-Orthopedic Pillow for Back, Side & Stomach Sleepers-Medium Firm- Thick King Size-5"" H-Grey",ZA406CA5871D8AA97408CZ-1,TWW-HPLG_Grey_CG
Apple,Electronics,Mobile,Renewed - iPhone XS 256GB Space Grey 4G With Facetime - International Version,N42341429A,PSKU_47461_10186103910038775531_X
Apple,Electronics,Laptops,"Renewed - MacBook Pro A1707 (2017) Laptop With 15-Inch Full HD Display, Core i7 Processor/Quad Core/16GB RAM/512GB SSD/macOS English Space Grey",N50479601A,PSKU_47461_56485579341119964594_X
Apple,Electronics,Laptops,"Renewed - MacBook Pro A1502 (2015) Laptop With 13.3-Inch UHD Display, Core i7 Processor/Dual Core/16GB RAM/512GB SSD/macOS English Silver",N53384246A,PSKU_47461_42159486005292754746_X
Apple,Electronics,Laptops,"Renewed - MacBook Pro A1278 (2012) Laptop With 13.3-Inch Display, i5 Processor/Dual Core/8GB RAM/256GB SSD/macOS English Silver",N70013887V-1,PSKU_74949_16406186750152377414_X
DELL,Electronics,Laptops,"Renewed - Dell Latitude 5490 Notebook Laptop With 14.1-Inch Display,Intel Core i5/8th Generation/8GB DDR4 RAM/256GB SSD /Windows 10 Pro English Black",N53357467A,PSKU_74949_95331701569963803866_X
DELL,Electronics,Laptops,"Renewed - Latitude E5550 With 15.6 Inch FHD Display,Core i5 Processor/5th Generation/8GB Ram/256GB SSD/Intel HD Graphics English Black",N53401615A,PSKU_47461_07565482594657553907_X
HP,Electronics,Laptops,"Renewed - ProBook 650 G1 Laptop With 15.6-Inch Display, Intel Core i5-4th Gen/8GB RAM/256GB SSD/Intel HD Graphics Black",N50367315A,PSKU_74949_15406664845608913880_X
HP,Electronics,Laptops,"Refurbished - Elitebook X360 1030 G2 Convertible 2-In-1 Laptop With 13.6-Inch Touchscreen Display,Intel Core i7 Processor/7th Gen/16GB RAM/512GB SSD/Intel UHD Graphics 620 English Silver",N52010978A,PSKU_74949_10675766935154685209_X
HP,Electronics,Laptops,"Renewed - EliteBook 840 G9 Laptop With 14-Inch FHD Display,Core i7-1255U Processor/16GB RAM/1TB SSD/Intel Iris Xe Graphics/Windows 11 Pro English/Arabic Silver",N53430441A,PSKU_47461_55938796523554610061_X
Lenovo,Electronics,Laptops,"Renewed - T480s ThinkPad Laptop With 14-Inch HD Display,Intel Core i5-8th Gen Processor/16GB DDR4 RAM/256GB SSD/Windows 10 Pro English Black",N53403393A,PSKU_47461_40523933678291937488_X
Lenovo,Electronics,Laptops,"Renewed - ThinkPad L470 Laptop With 14 inch Display,Intel Core i3 Processor/6th Gen/8GB RAM/256GB SSD/Windows 10 Pro English Black",N53410841A,47461_N53410841A_max
Lenovo,Electronics,Laptops,"Renewed - Thinkpad T490 Laptop With 14 Inch Display,Intel Core i7-8565U/8GB RAM/256GB SSD/Windows 10 English Graphite",N70123459V-1,PSKU_47461_71843720924860873452_X
CAT,Eyewear,Sunglasess,Precision 8517 Men Polarized Rectangular Sunglasses Brown 57 mm,Z6791802E2854438549D7Z-1,CPS-8517-102P
CAT,Eyewear,Sunglasess,Men CTS-8018 Polarized Wrap Sunglasses Blue 61mm,ZF5CE03A2BD88BF8430DCZ-1,CTS-8018-106P
O'NEILL,Eyewear,Sunglasess,ONS-9040 Sports Wrap Shield Sunglasses for Men UV400 Protection Black 135 mm,Z0D05A85E33FCCED8EC7DZ-1,ONS-9040-2.0-104 RED
Superdry,Eyewear,Sunglasess,Full-Rim Rectangular UV Protection Sunglasses - Brown,Z4A60829C7E578D62D2ADZ-1,SDS-ROCKSTAR-104B
The White Willow,Bedding,Pillows & Cushions,"Ultra Thin Pillow For Sleeping-Ultra Slim Memory Foam Pillow Cool Gel-Slim Pillow For Neck & Shoulder Pain-Flat Pillow-Orthopedic Cervical Pillow For Neck Support-King Size-1.5""H-Grey",ZD4DB9C10D3A99C6BDA88Z-1,TWW-Ultraslim_Grey_CG
Apple,Electronics,Mobile,Renewed - iPhone X 256GB Silver 4G With Facetime - International Version,N37984454A,PSKU_47461_63199823006443464777_X
Apple,Electronics,Laptops,"Refurbished - MacBook Air A1465 (2015) Laptop With 11-Inch HD Display, Core i5 Processor/Dual Core/4GB RAM/128GB SSD/macOS English/Arabic silver",N43918669A,PSKU_74949_59857769138976312747_X
Apple,Electronics,Laptops,"Refurbished - MacBook Pro A1278 (2011) Laptop With 13.3-Inch HD Display, Core i5 Processor/Dual Core/8GB RAM/500GB HDD/macOS Silver",N49797867A,PSKU_47461_83067144447876196169_X
Apple,Electronics,Laptops,"Renewed - MacBook Air A1466 (2017) Laptop With 13-Inch HD Display, Core i5 Processor/Dual Core/8GB RAM/256GB SSD/macOS English Silver",N50477574A,PSKU_47461_33428629488830472564_X
Apple,Electronics,Laptops,"Renewed - MacBook Pro A1278 (2012) Laptop With 13.3-Inch Display, Core i5 Processor/4GB RAM/500GB HDD/macOS English Silver",N51630020A,PSKU_47461_61879940350820894503_X
Apple,Electronics,Laptops,"Renewed - MacBook Air A1466 (2015) Laptop With 13.3-Inch Full HD Display, Core i5 Processor/4GB RAM/128GB SSD/macOS English Silver",N51630304A,PSKU_47461_48133266527626644863_X
Apple,Electronics,Laptops,"Renewed - MacBook Air A1465 (2015) Laptop With 11-Inch Display, Core i5 Processor/Quad Core/4GB RAM/128GB SSD/macOS English Silver",N53428697A,PSKU_74949_60483528148538529964_X
Apple,Electronics,Laptops,"Renewed - MacBook Pro A1278 (2012) Laptop With 13-Inch Display, Intel Core i7 Processor/Quad Core/8GB RAM/256GB SSD/Windows 10 English Black",N70052843V-1,PSKU_47461_12123408727928892115_X
Apple,Electronics,Laptops,"Renewed - MacBook Pro A2141 (2019) Laptop With 16-Inch Display, Core i7 Processor/Dual Core/16GB RAM/512GB SSD/macOS English Silver",N70089365V-1,PSKU_47461_18433552868264741225_X
DELL,Electronics,Laptops,"Renewed - Latitude E7440 Laptop With 14-Inch Display,Intel Core i5 Processor/4th Gen/4GB RAM/500GB HDD/Intel HD Graphics 4400 English Silver",N49272763A,PSKU_47461_87774273816536667800_X
DELL,Electronics,Laptops,"Renewed - Latitude E7250 Laptop With 12.5-Inch Display,Intel Core i5 Processor/5th Gen/8GB RAM/256GB SSD/Intel HD Graphics 5500 Black",N49272775A,PSKU_47461_10682371491767717785_X
DELL,Electronics,Laptops,"Renewed - Latitude E5450 Laptop With 14-Inch Display,Intel Core i5 Processor/5th Gen/8GB RAM/256GB HDD/Windows 10 Pro English Black",N51630201A,PSKU_74949_95658265299828495690_X
DELL,Electronics,Laptops,"Renewed - Latitude 7200 (2-in-1) Laptop With 12.3-Inch Touch Display,Core i7/8th Gen/16GB RAM/512GB SSD/Intel HD Graphics English Silver",N70052584V-1,PSKU_47461_62419690117087740880_X
DELL,Electronics,Laptops,"Renewed - Latitude 7450 Laptop With 14-Inch HD Display,Core i5/Dual Core/5th Gen/8GB RAM/256GB SSD/Windows 10/Intel HD Graphics English Black",N70065084V-1,PSKU_47461_36129047947969270120_X
DELL,Electronics,Laptops,"Renewed - Latitude E5470 Laptop With 14-Inch Display,Intel Core i7 Processor/6th Gen/8GB RAM/256GB SSD/Intel HD Graphics 620 Arabic Black",N70084841V-1,PSKU_74949_64616136406175677558_X
HP,Electronics,Laptops,"Renewed - ProBook 650 G1 Laptop With 15.6-Inch Display, Intel Core i5-4th Gen/8GB RAM/256GB SSD/Intel HD Graphics Black",N49481376A,PSKU_47461_24985474784580580768_X
HP,Electronics,Laptops,"Renewed - EliteBook 840 G5 Notebook With 14 Inch Display,Intel Core i5-8350U/16GB RAM/512GB SSD/Windows 10 English Metallic",N53401375A,PSKU_74949_45658440587714882542_X
HP,Electronics,Laptops,"Renewed - ProBook 640 G2 Laptop With 14-Inch Display, Intel Core i7-6th Gen/8GB RAM/256GB SSD/Windows 10 English Silver",N53408666A,PSKU_47461_99546375292899215601_X
HP,Electronics,Laptops,"Renewed - Elitebook 840 G3 L3C65AV Laptop With 14-Inch Touch Screen Display,Intel Core i5 Processor/6th Gen/8GB RAM/256GB SSD/1GB Intel HD Graphics 520 English Silver",N70055746V-1,PSKU_74949_71972273287552481413_X
HP,Electronics,Laptops,"Renewed - Elitebook 745 G6 Laptop With 14-Inch Display,IPS Ryzen 5 Pro 3500U/8 GB RAM/256GB SSD/Windows 10 Pro English/Arabic Silver",N70094198V-1,PSKU_47461_85519928626633263827_X
Lenovo,Electronics,Laptops,"Renewed - Thinkpad 260 YOGA Touchscreen Laptop With 12.5-Inch Display,Intel Core i5 Processor,6th GEN/8GB RAM/256GB SSD/520 integrated Hd Graphics black",N43444002A,PSKU_74949_34084723190223490530_X
Lenovo,Electronics,Laptops,"Renewed - Thinkpad T480 (2020) Laptop With 14-Inch Display, Intel Core i7 Processor/8th Gen/16GB RAM/512GB SSD/Intel HD Graphics With English Keyboard English Black",N50609630A,PSKU_47461_61305941502742186644_X
Lenovo,Electronics,Laptops,"Refurbished - Thinkpad x230 Laptop With 12.3-Inch Display,Intel Core i5 Processor/3rd Gen/8GB RAM/128GB/Intel HD Graphics English Black",N53335198A,PSKU_47461_56081420236994273811_X
Lenovo,Electronics,Laptops,"Renewed - ThinkPad T450s Laptop With 14-Inch Display,Intel Core i5 Processor/5th Gen/8GB RAM/256GB SSD/Intel HD Graphics 5500 English/Arabic Black",N53385322A,PSKU_47461_41266694289414223750_X
Lenovo,Electronics,Laptops,"Renewed - ThinkPad X380 Yoga Laptop With 13.3-Inch FHD Touch Display,Core i5-8350U/8th Generation/8GB RAM/512GB SSD/Intel HD Graphics english english Black English Black",N53431701A,PSKU_47461_85188178245204911436_X
Lenovo,Electronics,Laptops,"Renewed - Thinkpad T14s Business Laptop 14-Inch FHD Display,Intel Core (TM) i5/10th Gen/Quad Core/16GB DDR4 RAM/256GB SSD/Windows 10 Pro English Black",N70047742V-1,PSKU_47461_16576054291395845608_X
CAT,Eyewear,Sunglasess,men Precision 8506 Polarized Reactangle Sunglasses Blue 58 mm,Z69947BA07E54BD10BA80Z-1,CPS-8506-106P
CAT,Eyewear,Sunglasess,Precision 8512 Men Polarized Square Sunglasses Blue 59 mm,Z86F5D873FA23DC77449FZ-1,CPS-8512-006P
CAT,Eyewear,Sunglasess,Men CTS-Coder Polarized Sunglasses Square Black 60 mm,Z9340C61817F680BBC266Z-1,CTS-CODER-108P
CAT,Eyewear,Sunglasess,Men CTS-8021 Polarized Square Front Sunglasses Blue 61 mm,ZEF4FACF73FB17A2C3D10Z-1,CTS-8021-106P
O'NEILL,Eyewear,Sunglasess,ONS-9020 men Wrap Polarized Sunglasses Grey 64 mm,Z3C09E1FBDD37C7D59D4CZ-1,ONS-9020-2.0-108P
O'NEILL,Eyewear,Sunglasess,ONS-Pohnpei 2.0 Men Avaitor Polarized Sunglasses Black 59 mm,Z9F1346D6A60506F28D48Z-1,ONS-POHNPEI2.0-004P
O'NEILL,Eyewear,Sunglasess,ONS-9040 Sports Wrap Shield Sunglasses for Men UV400 Protection Black 135 mm,ZF8C0F561DA16FCA6CE55Z-1,ONS-9040-2.0-104 BLU
Superdry,Eyewear,Sunglasess,SARATOGA Full-Rim Square UV Protection Sunglasses - Grey,ZAB67FB28716AAC45878FZ-1,SDS-SARATOGA-102
GuruNanda,Hair Personal Care,Essential Oils & Oils,Sesame + Mint Oil Pulling 237 ml,ZE1CE7B042A5A71CF23A5Z-1,13-05-08Z-08861-1
My Carry Potty,Baby Product,Toilet Training Seats,My Little Trainer Seat - Sage Green,ZC7D18AFCA4C3B57A2C94Z-1,MLTS-SG-GRN
SHOEGR,Footwear,Shoe Care,"Coat Water & Stain Repellent 200 ml Invisible Waterproof Shield for Sneakers, Suede, Nubuck, Leather, Trainers, Canvas & Bags, Nano Protection from rain and dust",Z2EB319FD5BFBDD0DDA3AZ-1,Water and Stain Repellent
SOTSU,Electronic Accessories,Portable Monitor,"FlipAction Touch 14"" Premium Portable Monitor SFA14TCMG | FHD IPS Pivoting Dual Laptop Screen | Touchscreen for Cellphone, Gaming, and Travel | PC, Chrome, Android, DeX Compatible",ZA0B7D39B23A71792971CZ-1,FlipActionGo14MetallicGray
SOTSU,Electronic Accessories,Portable Monitor,"FlipAction Pro 16"" Gen2 Premium Portable Monitor | Super Compact | Pivot Rotate | 2560x1600 DCI P3 | 120Hz | 400 Nits | Full Metal CNC | Perfect Match for Mac and Windows (Metallic Gray)",ZB89F59FB59247041D0B1Z-1,FlipActionGo16MetallicGray
Apple,Electronics,Laptops,"Renewed - MacBook Pro A1278 (2012) Laptop With 13.3-Inch HD Display, Core i7 Processor/Dual Core/8GB RAM/500GB HDD/macOS Silver",N44523172A,PSKU_47461_74902209762295595461_X
Apple,Electronics,Laptops,"Refurbished - MacBook Pro A1278 (2012) Laptop With 13.3-Inch HD Display, Core i5 Processor/Dual Core/8GB RAM/256GB SSD/macOS Silver",N49797872A,PSKU_47461_23678704458904291802_X
Apple,Electronics,Laptops,"Renewed - MacBook Air A1466 (2015) Laptop With 13-Inch HD Display, Core i5 Processor/Dual Core/8GB RAM/128GB SSD/macOS English Silver",N50370836A,PSKU_74949_46257744379955852701_X
Apple,Electronics,Laptops,"Renewed - MacBook Air A1466 (2015) Laptop With 13-Inch HD Display, Core i5 Processor/Dual Core/8GB RAM/256GB SSD/macOS English Silver",N50370837A,PSKU_47461_86813924866751332522_X
Apple,Electronics,Laptops,"Renewed - MacBook Air A1466 (2015) Laptop With 13-Inch HD Display, Core i5 Processor/Dual Core/8GB RAM/128GB SSD/macOS English/Arabic Silver English/Arabic Silver",N50479593A,PSKU_47461_42691824196622504728_X
